--------------------------------------------------------
--  File created - Monday-April-25-2016   
--------------------------------------------------------
--------------------------------------------------------
--  DDL for Table CUSTOMER
--------------------------------------------------------

  CREATE TABLE "HOTELADMIN"."CUSTOMER" 
   (	"CUSTOMERID" VARCHAR2(10 BYTE), 
	"FIRSTNAME" VARCHAR2(15 BYTE) DEFAULT NULL, 
	"LASTNAME" VARCHAR2(15 BYTE) DEFAULT NULL, 
	"DATEOFBIRTH" DATE DEFAULT NULL, 
	"ADDRESS" VARCHAR2(50 BYTE) DEFAULT NULL, 
	"PHONE" VARCHAR2(10 BYTE) DEFAULT NULL, 
	"EMAIL" VARCHAR2(45 BYTE) DEFAULT NULL, 
	"CITY" VARCHAR2(45 BYTE) DEFAULT NULL, 
	"STATE" CHAR(2 BYTE) DEFAULT NULL, 
	"ZIPCODE" CHAR(5 BYTE)
   ) SEGMENT CREATION IMMEDIATE 
  PCTFREE 10 PCTUSED 40 INITRANS 1 MAXTRANS 255 
 NOCOMPRESS LOGGING
  STORAGE(INITIAL 65536 NEXT 1048576 MINEXTENTS 1 MAXEXTENTS 2147483645
  PCTINCREASE 0 FREELISTS 1 FREELIST GROUPS 1
  BUFFER_POOL DEFAULT FLASH_CACHE DEFAULT CELL_FLASH_CACHE DEFAULT)
  TABLESPACE "USERS" ;
--------------------------------------------------------
--  DDL for Table EMPLOYEE
--------------------------------------------------------

  CREATE TABLE "HOTELADMIN"."EMPLOYEE" 
   (	"SSNUMBER" VARCHAR2(9 BYTE), 
	"FIRSTNAME" VARCHAR2(15 BYTE) DEFAULT NULL, 
	"LASTNAME" VARCHAR2(15 BYTE) DEFAULT NULL, 
	"DATEOFBIRTH" DATE DEFAULT NULL, 
	"ADDRESS" VARCHAR2(75 BYTE) DEFAULT NULL, 
	"PHONE" VARCHAR2(10 BYTE) DEFAULT NULL, 
	"EMAIL" VARCHAR2(25 BYTE) DEFAULT NULL, 
	"TITLE" VARCHAR2(20 BYTE) DEFAULT NULL, 
	"USERNAME" VARCHAR2(20 BYTE), 
	"PASSWORD" VARCHAR2(20 BYTE)
   ) SEGMENT CREATION IMMEDIATE 
  PCTFREE 10 PCTUSED 40 INITRANS 1 MAXTRANS 255 
 NOCOMPRESS LOGGING
  STORAGE(INITIAL 65536 NEXT 1048576 MINEXTENTS 1 MAXEXTENTS 2147483645
  PCTINCREASE 0 FREELISTS 1 FREELIST GROUPS 1
  BUFFER_POOL DEFAULT FLASH_CACHE DEFAULT CELL_FLASH_CACHE DEFAULT)
  TABLESPACE "USERS" ;
--------------------------------------------------------
--  DDL for Table FEE
--------------------------------------------------------

  CREATE TABLE "HOTELADMIN"."FEE" 
   (	"FEEID" NUMBER(*,0), 
	"TAX" NUMBER(5,2)
   ) SEGMENT CREATION IMMEDIATE 
  PCTFREE 10 PCTUSED 40 INITRANS 1 MAXTRANS 255 
 NOCOMPRESS LOGGING
  STORAGE(INITIAL 65536 NEXT 1048576 MINEXTENTS 1 MAXEXTENTS 2147483645
  PCTINCREASE 0 FREELISTS 1 FREELIST GROUPS 1
  BUFFER_POOL DEFAULT FLASH_CACHE DEFAULT CELL_FLASH_CACHE DEFAULT)
  TABLESPACE "USERS" ;
--------------------------------------------------------
--  DDL for Table ROOM
--------------------------------------------------------

  CREATE TABLE "HOTELADMIN"."ROOM" 
   (	"ROOMNUMBER" NUMBER(*,0), 
	"FLOOR" NUMBER(*,0), 
	"ROOMTYPE" VARCHAR2(25 BYTE), 
	"PRICE" NUMBER(8,2), 
	"AVAILABLE" CHAR(3 BYTE)
   ) SEGMENT CREATION IMMEDIATE 
  PCTFREE 10 PCTUSED 40 INITRANS 1 MAXTRANS 255 
 NOCOMPRESS LOGGING
  STORAGE(INITIAL 65536 NEXT 1048576 MINEXTENTS 1 MAXEXTENTS 2147483645
  PCTINCREASE 0 FREELISTS 1 FREELIST GROUPS 1
  BUFFER_POOL DEFAULT FLASH_CACHE DEFAULT CELL_FLASH_CACHE DEFAULT)
  TABLESPACE "USERS" ;
--------------------------------------------------------
--  DDL for Table TRANSACTION
--------------------------------------------------------

  CREATE TABLE "HOTELADMIN"."TRANSACTION" 
   (	"TRANSACTIONID" NUMBER(*,0), 
	"ROOMNUMBER" NUMBER(*,0), 
	"CHECKINDATE" DATE, 
	"CUSTOMERID" VARCHAR2(10 BYTE) DEFAULT NULL, 
	"EMPLOYEEID" VARCHAR2(10 BYTE) DEFAULT NULL, 
	"CHECKOUTDATE" DATE DEFAULT NULL, 
	"TOTALCHARGE" NUMBER(9,2) DEFAULT NULL, 
	"CREDITCARD" VARCHAR2(16 BYTE) DEFAULT NULL, 
	"EXPMONTH" NUMBER(*,0) DEFAULT NULL, 
	"EXPYEAR" NUMBER(*,0) DEFAULT NULL
   ) SEGMENT CREATION IMMEDIATE 
  PCTFREE 10 PCTUSED 40 INITRANS 1 MAXTRANS 255 
 NOCOMPRESS LOGGING
  STORAGE(INITIAL 65536 NEXT 1048576 MINEXTENTS 1 MAXEXTENTS 2147483645
  PCTINCREASE 0 FREELISTS 1 FREELIST GROUPS 1
  BUFFER_POOL DEFAULT FLASH_CACHE DEFAULT CELL_FLASH_CACHE DEFAULT)
  TABLESPACE "USERS" ;
--------------------------------------------------------
--  DDL for Table USERACCOUNT
--------------------------------------------------------

  CREATE TABLE "HOTELADMIN"."USERACCOUNT" 
   (	"SSNUMBER" VARCHAR2(9 BYTE), 
	"USERNAME" VARCHAR2(8 BYTE) DEFAULT NULL, 
	"USERPASSWORD" VARCHAR2(32 BYTE) DEFAULT NULL, 
	"USERACCOUNTID" VARCHAR2(80 BYTE) DEFAULT NULL
   ) SEGMENT CREATION DEFERRED 
  PCTFREE 10 PCTUSED 40 INITRANS 1 MAXTRANS 255 
 NOCOMPRESS LOGGING
  TABLESPACE "USERS" ;
REM INSERTING into HOTELADMIN.CUSTOMER
SET DEFINE OFF;
Insert into HOTELADMIN.CUSTOMER (CUSTOMERID,FIRSTNAME,LASTNAME,DATEOFBIRTH,ADDRESS,PHONE,EMAIL,CITY,STATE,ZIPCODE) values ('34','zxv','dasd',to_date('20-MAR-90','DD-MON-RR'),'fsd','sfd','fsd','sdf','AL','4    ');
Insert into HOTELADMIN.CUSTOMER (CUSTOMERID,FIRSTNAME,LASTNAME,DATEOFBIRTH,ADDRESS,PHONE,EMAIL,CITY,STATE,ZIPCODE) values ('45651','dfdf','dfg',to_date('19-MAR-90','DD-MON-RR'),'err','4545','t','r','AL','4    ');
Insert into HOTELADMIN.CUSTOMER (CUSTOMERID,FIRSTNAME,LASTNAME,DATEOFBIRTH,ADDRESS,PHONE,EMAIL,CITY,STATE,ZIPCODE) values ('99900','Abush','Abush',to_date('12-MAR-80','DD-MON-RR'),'123abc','3478763245','use@mail.com','new york','AL','1191 ');
Insert into HOTELADMIN.CUSTOMER (CUSTOMERID,FIRSTNAME,LASTNAME,DATEOFBIRTH,ADDRESS,PHONE,EMAIL,CITY,STATE,ZIPCODE) values ('11111','asd','sd',to_date('18-MAR-90','DD-MON-RR'),'Ad','asd','aSD','asd','AL','23   ');
Insert into HOTELADMIN.CUSTOMER (CUSTOMERID,FIRSTNAME,LASTNAME,DATEOFBIRTH,ADDRESS,PHONE,EMAIL,CITY,STATE,ZIPCODE) values ('0220','dgs','sdgf',to_date('19-MAR-90','DD-MON-RR'),'sdg','34','gsdgf','sdg','AL','45   ');
Insert into HOTELADMIN.CUSTOMER (CUSTOMERID,FIRSTNAME,LASTNAME,DATEOFBIRTH,ADDRESS,PHONE,EMAIL,CITY,STATE,ZIPCODE) values ('777','fdhdb','cvbc',to_date('28-MAR-90','DD-MON-RR'),'vncnvbn','4535','nbnvn','vb','AL','435  ');
Insert into HOTELADMIN.CUSTOMER (CUSTOMERID,FIRSTNAME,LASTNAME,DATEOFBIRTH,ADDRESS,PHONE,EMAIL,CITY,STATE,ZIPCODE) values ('22','sdfg','sdfg',to_date('12-MAR-90','DD-MON-RR'),'dsfg','sdfg','dsfg','df','AL','114  ');
Insert into HOTELADMIN.CUSTOMER (CUSTOMERID,FIRSTNAME,LASTNAME,DATEOFBIRTH,ADDRESS,PHONE,EMAIL,CITY,STATE,ZIPCODE) values ('1','aAAasd','asd',to_date('12-MAR-90','DD-MON-RR'),'asd','as','AD','asd','AL','12   ');
Insert into HOTELADMIN.CUSTOMER (CUSTOMERID,FIRSTNAME,LASTNAME,DATEOFBIRTH,ADDRESS,PHONE,EMAIL,CITY,STATE,ZIPCODE) values ('345','asdf','asdf',to_date('19-MAR-90','DD-MON-RR'),'f','sdf','sf','f','AL','4    ');
Insert into HOTELADMIN.CUSTOMER (CUSTOMERID,FIRSTNAME,LASTNAME,DATEOFBIRTH,ADDRESS,PHONE,EMAIL,CITY,STATE,ZIPCODE) values ('234','d','asd',to_date('27-MAR-90','DD-MON-RR'),'d','sda','d','d','AL','32   ');
Insert into HOTELADMIN.CUSTOMER (CUSTOMERID,FIRSTNAME,LASTNAME,DATEOFBIRTH,ADDRESS,PHONE,EMAIL,CITY,STATE,ZIPCODE) values ('4554','gdf','sdf',to_date('06-MAR-90','DD-MON-RR'),'f','asdf','f','f','AL','4    ');
Insert into HOTELADMIN.CUSTOMER (CUSTOMERID,FIRSTNAME,LASTNAME,DATEOFBIRTH,ADDRESS,PHONE,EMAIL,CITY,STATE,ZIPCODE) values ('8888','Abush','Meku',to_date('28-MAR-90','DD-MON-RR'),'120 19','3478763245','abush@mail.com','new york','NJ','11691');
Insert into HOTELADMIN.CUSTOMER (CUSTOMERID,FIRSTNAME,LASTNAME,DATEOFBIRTH,ADDRESS,PHONE,EMAIL,CITY,STATE,ZIPCODE) values ('4444','dgf','dsg',to_date('19-MAR-90','DD-MON-RR'),'xcv','213','vv','xcv','AL','43   ');
Insert into HOTELADMIN.CUSTOMER (CUSTOMERID,FIRSTNAME,LASTNAME,DATEOFBIRTH,ADDRESS,PHONE,EMAIL,CITY,STATE,ZIPCODE) values ('0000','sdgsg','sdgsdg',to_date('21-MAR-90','DD-MON-RR'),'wrqw','567547','wqqwe','wtqwt','FL','34   ');
REM INSERTING into HOTELADMIN.EMPLOYEE
SET DEFINE OFF;
Insert into HOTELADMIN.EMPLOYEE (SSNUMBER,FIRSTNAME,LASTNAME,DATEOFBIRTH,ADDRESS,PHONE,EMAIL,TITLE,USERNAME,PASSWORD) values ('1122','Asefaw','Mekuria',to_date('28-JUL-90','DD-MON-RR'),'120 19th St','3478763245','amekuria@mail.com','developer','admin','admin');
REM INSERTING into HOTELADMIN.FEE
SET DEFINE OFF;
Insert into HOTELADMIN.FEE (FEEID,TAX) values (1,2.5);
REM INSERTING into HOTELADMIN.ROOM
SET DEFINE OFF;
Insert into HOTELADMIN.ROOM (ROOMNUMBER,FLOOR,ROOMTYPE,PRICE,AVAILABLE) values (100,1,'Family',500,'NO ');
Insert into HOTELADMIN.ROOM (ROOMNUMBER,FLOOR,ROOMTYPE,PRICE,AVAILABLE) values (207,2,'Presidential',1000,'YES');
Insert into HOTELADMIN.ROOM (ROOMNUMBER,FLOOR,ROOMTYPE,PRICE,AVAILABLE) values (208,2,'Presidential',1000,'YES');
Insert into HOTELADMIN.ROOM (ROOMNUMBER,FLOOR,ROOMTYPE,PRICE,AVAILABLE) values (209,2,'Penthouse',900,'YES');
Insert into HOTELADMIN.ROOM (ROOMNUMBER,FLOOR,ROOMTYPE,PRICE,AVAILABLE) values (210,2,'Penthouse',900,'YES');
Insert into HOTELADMIN.ROOM (ROOMNUMBER,FLOOR,ROOMTYPE,PRICE,AVAILABLE) values (211,2,'Penthouse',900,'YES');
Insert into HOTELADMIN.ROOM (ROOMNUMBER,FLOOR,ROOMTYPE,PRICE,AVAILABLE) values (300,3,'Family',500,'YES');
Insert into HOTELADMIN.ROOM (ROOMNUMBER,FLOOR,ROOMTYPE,PRICE,AVAILABLE) values (301,3,'Family',500,'YES');
Insert into HOTELADMIN.ROOM (ROOMNUMBER,FLOOR,ROOMTYPE,PRICE,AVAILABLE) values (302,3,'Single',300,'YES');
Insert into HOTELADMIN.ROOM (ROOMNUMBER,FLOOR,ROOMTYPE,PRICE,AVAILABLE) values (304,3,'Single',300,'YES');
Insert into HOTELADMIN.ROOM (ROOMNUMBER,FLOOR,ROOMTYPE,PRICE,AVAILABLE) values (305,3,'Honeymoon',700,'YES');
Insert into HOTELADMIN.ROOM (ROOMNUMBER,FLOOR,ROOMTYPE,PRICE,AVAILABLE) values (306,3,'Honeymon',700,'YES');
Insert into HOTELADMIN.ROOM (ROOMNUMBER,FLOOR,ROOMTYPE,PRICE,AVAILABLE) values (307,3,'Presidential',1000,'YES');
Insert into HOTELADMIN.ROOM (ROOMNUMBER,FLOOR,ROOMTYPE,PRICE,AVAILABLE) values (308,3,'Presidential',1000,'YES');
Insert into HOTELADMIN.ROOM (ROOMNUMBER,FLOOR,ROOMTYPE,PRICE,AVAILABLE) values (309,3,'Penthouse',900,'YES');
Insert into HOTELADMIN.ROOM (ROOMNUMBER,FLOOR,ROOMTYPE,PRICE,AVAILABLE) values (310,3,'Penthouse',900,'YES');
Insert into HOTELADMIN.ROOM (ROOMNUMBER,FLOOR,ROOMTYPE,PRICE,AVAILABLE) values (311,3,'Penthouse',900,'YES');
Insert into HOTELADMIN.ROOM (ROOMNUMBER,FLOOR,ROOMTYPE,PRICE,AVAILABLE) values (400,4,'Family',500,'YES');
Insert into HOTELADMIN.ROOM (ROOMNUMBER,FLOOR,ROOMTYPE,PRICE,AVAILABLE) values (401,4,'Family',500,'YES');
Insert into HOTELADMIN.ROOM (ROOMNUMBER,FLOOR,ROOMTYPE,PRICE,AVAILABLE) values (402,4,'Single',300,'YES');
Insert into HOTELADMIN.ROOM (ROOMNUMBER,FLOOR,ROOMTYPE,PRICE,AVAILABLE) values (404,4,'Single',300,'YES');
Insert into HOTELADMIN.ROOM (ROOMNUMBER,FLOOR,ROOMTYPE,PRICE,AVAILABLE) values (405,4,'Honeymoon',700,'YES');
Insert into HOTELADMIN.ROOM (ROOMNUMBER,FLOOR,ROOMTYPE,PRICE,AVAILABLE) values (406,4,'Honeymon',700,'YES');
Insert into HOTELADMIN.ROOM (ROOMNUMBER,FLOOR,ROOMTYPE,PRICE,AVAILABLE) values (407,4,'Presidential',1000,'YES');
Insert into HOTELADMIN.ROOM (ROOMNUMBER,FLOOR,ROOMTYPE,PRICE,AVAILABLE) values (408,4,'Presidential',1000,'NO ');
Insert into HOTELADMIN.ROOM (ROOMNUMBER,FLOOR,ROOMTYPE,PRICE,AVAILABLE) values (409,4,'Penthouse',900,'YES');
Insert into HOTELADMIN.ROOM (ROOMNUMBER,FLOOR,ROOMTYPE,PRICE,AVAILABLE) values (410,4,'Penthouse',900,'YES');
Insert into HOTELADMIN.ROOM (ROOMNUMBER,FLOOR,ROOMTYPE,PRICE,AVAILABLE) values (411,4,'Penthouse',900,'YES');
REM INSERTING into HOTELADMIN.TRANSACTION
SET DEFINE OFF;
Insert into HOTELADMIN.TRANSACTION (TRANSACTIONID,ROOMNUMBER,CHECKINDATE,CUSTOMERID,EMPLOYEEID,CHECKOUTDATE,TOTALCHARGE,CREDITCARD,EXPMONTH,EXPYEAR) values (10,207,to_date('22-APR-16','DD-MON-RR'),'8888','1122',to_date('30-MAR-16','DD-MON-RR'),0,null,3,2016);
Insert into HOTELADMIN.TRANSACTION (TRANSACTIONID,ROOMNUMBER,CHECKINDATE,CUSTOMERID,EMPLOYEEID,CHECKOUTDATE,TOTALCHARGE,CREDITCARD,EXPMONTH,EXPYEAR) values (9,300,to_date('22-APR-16','DD-MON-RR'),'1','1122',to_date('30-MAR-16','DD-MON-RR'),45.5,'34535',12,2012);
Insert into HOTELADMIN.TRANSACTION (TRANSACTIONID,ROOMNUMBER,CHECKINDATE,CUSTOMERID,EMPLOYEEID,CHECKOUTDATE,TOTALCHARGE,CREDITCARD,EXPMONTH,EXPYEAR) values (6,100,to_date('20-JAN-16','DD-MON-RR'),'1','1122',to_date('20-JAN-16','DD-MON-RR'),200.5,'546546',10,20);
Insert into HOTELADMIN.TRANSACTION (TRANSACTIONID,ROOMNUMBER,CHECKINDATE,CUSTOMERID,EMPLOYEEID,CHECKOUTDATE,TOTALCHARGE,CREDITCARD,EXPMONTH,EXPYEAR) values (7,100,to_date('20-JAN-16','DD-MON-RR'),'1','1122',to_date('20-JAN-16','DD-MON-RR'),200.5,'546546',10,20);
Insert into HOTELADMIN.TRANSACTION (TRANSACTIONID,ROOMNUMBER,CHECKINDATE,CUSTOMERID,EMPLOYEEID,CHECKOUTDATE,TOTALCHARGE,CREDITCARD,EXPMONTH,EXPYEAR) values (11,100,to_date('22-APR-16','DD-MON-RR'),'99900','1122',to_date('30-MAR-16','DD-MON-RR'),0,null,3,2016);
Insert into HOTELADMIN.TRANSACTION (TRANSACTIONID,ROOMNUMBER,CHECKINDATE,CUSTOMERID,EMPLOYEEID,CHECKOUTDATE,TOTALCHARGE,CREDITCARD,EXPMONTH,EXPYEAR) values (13,100,to_date('22-APR-16','DD-MON-RR'),'777','1122',to_date('30-MAR-16','DD-MON-RR'),10000,null,3,2016);
Insert into HOTELADMIN.TRANSACTION (TRANSACTIONID,ROOMNUMBER,CHECKINDATE,CUSTOMERID,EMPLOYEEID,CHECKOUTDATE,TOTALCHARGE,CREDITCARD,EXPMONTH,EXPYEAR) values (8,100,to_date('22-APR-16','DD-MON-RR'),'1','1122',null,45.5,'34535',12,2012);
REM INSERTING into HOTELADMIN.USERACCOUNT
SET DEFINE OFF;
--------------------------------------------------------
--  DDL for Index SYS_C0010834
--------------------------------------------------------

  CREATE UNIQUE INDEX "HOTELADMIN"."SYS_C0010834" ON "HOTELADMIN"."CUSTOMER" ("CUSTOMERID") 
  PCTFREE 10 INITRANS 2 MAXTRANS 255 COMPUTE STATISTICS 
  STORAGE(INITIAL 65536 NEXT 1048576 MINEXTENTS 1 MAXEXTENTS 2147483645
  PCTINCREASE 0 FREELISTS 1 FREELIST GROUPS 1
  BUFFER_POOL DEFAULT FLASH_CACHE DEFAULT CELL_FLASH_CACHE DEFAULT)
  TABLESPACE "USERS" ;
--------------------------------------------------------
--  DDL for Index SYS_C0010821
--------------------------------------------------------

  CREATE UNIQUE INDEX "HOTELADMIN"."SYS_C0010821" ON "HOTELADMIN"."EMPLOYEE" ("SSNUMBER") 
  PCTFREE 10 INITRANS 2 MAXTRANS 255 COMPUTE STATISTICS 
  STORAGE(INITIAL 65536 NEXT 1048576 MINEXTENTS 1 MAXEXTENTS 2147483645
  PCTINCREASE 0 FREELISTS 1 FREELIST GROUPS 1
  BUFFER_POOL DEFAULT FLASH_CACHE DEFAULT CELL_FLASH_CACHE DEFAULT)
  TABLESPACE "USERS" ;
--------------------------------------------------------
--  DDL for Index FEE_PK
--------------------------------------------------------

  CREATE UNIQUE INDEX "HOTELADMIN"."FEE_PK" ON "HOTELADMIN"."FEE" ("FEEID") 
  PCTFREE 10 INITRANS 2 MAXTRANS 255 COMPUTE STATISTICS 
  STORAGE(INITIAL 65536 NEXT 1048576 MINEXTENTS 1 MAXEXTENTS 2147483645
  PCTINCREASE 0 FREELISTS 1 FREELIST GROUPS 1
  BUFFER_POOL DEFAULT FLASH_CACHE DEFAULT CELL_FLASH_CACHE DEFAULT)
  TABLESPACE "USERS" ;
--------------------------------------------------------
--  DDL for Index SYS_C0010830
--------------------------------------------------------

  CREATE UNIQUE INDEX "HOTELADMIN"."SYS_C0010830" ON "HOTELADMIN"."ROOM" ("ROOMNUMBER") 
  PCTFREE 10 INITRANS 2 MAXTRANS 255 COMPUTE STATISTICS 
  STORAGE(INITIAL 65536 NEXT 1048576 MINEXTENTS 1 MAXEXTENTS 2147483645
  PCTINCREASE 0 FREELISTS 1 FREELIST GROUPS 1
  BUFFER_POOL DEFAULT FLASH_CACHE DEFAULT CELL_FLASH_CACHE DEFAULT)
  TABLESPACE "USERS" ;
--------------------------------------------------------
--  DDL for Index TRANSACTION_PK
--------------------------------------------------------

  CREATE UNIQUE INDEX "HOTELADMIN"."TRANSACTION_PK" ON "HOTELADMIN"."TRANSACTION" ("TRANSACTIONID") 
  PCTFREE 10 INITRANS 2 MAXTRANS 255 COMPUTE STATISTICS 
  STORAGE(INITIAL 65536 NEXT 1048576 MINEXTENTS 1 MAXEXTENTS 2147483645
  PCTINCREASE 0 FREELISTS 1 FREELIST GROUPS 1
  BUFFER_POOL DEFAULT FLASH_CACHE DEFAULT CELL_FLASH_CACHE DEFAULT)
  TABLESPACE "USERS" ;
--------------------------------------------------------
--  DDL for Index SYS_C0010853
--------------------------------------------------------

  CREATE UNIQUE INDEX "HOTELADMIN"."SYS_C0010853" ON "HOTELADMIN"."USERACCOUNT" ("SSNUMBER") 
  PCTFREE 10 INITRANS 2 MAXTRANS 255 COMPUTE STATISTICS 
  TABLESPACE "USERS" ;
--------------------------------------------------------
--  Constraints for Table CUSTOMER
--------------------------------------------------------

  ALTER TABLE "HOTELADMIN"."CUSTOMER" MODIFY ("CUSTOMERID" NOT NULL ENABLE);
  ALTER TABLE "HOTELADMIN"."CUSTOMER" ADD PRIMARY KEY ("CUSTOMERID")
  USING INDEX PCTFREE 10 INITRANS 2 MAXTRANS 255 COMPUTE STATISTICS 
  STORAGE(INITIAL 65536 NEXT 1048576 MINEXTENTS 1 MAXEXTENTS 2147483645
  PCTINCREASE 0 FREELISTS 1 FREELIST GROUPS 1
  BUFFER_POOL DEFAULT FLASH_CACHE DEFAULT CELL_FLASH_CACHE DEFAULT)
  TABLESPACE "USERS"  ENABLE;
--------------------------------------------------------
--  Constraints for Table EMPLOYEE
--------------------------------------------------------

  ALTER TABLE "HOTELADMIN"."EMPLOYEE" MODIFY ("SSNUMBER" NOT NULL ENABLE);
  ALTER TABLE "HOTELADMIN"."EMPLOYEE" ADD PRIMARY KEY ("SSNUMBER")
  USING INDEX PCTFREE 10 INITRANS 2 MAXTRANS 255 COMPUTE STATISTICS 
  STORAGE(INITIAL 65536 NEXT 1048576 MINEXTENTS 1 MAXEXTENTS 2147483645
  PCTINCREASE 0 FREELISTS 1 FREELIST GROUPS 1
  BUFFER_POOL DEFAULT FLASH_CACHE DEFAULT CELL_FLASH_CACHE DEFAULT)
  TABLESPACE "USERS"  ENABLE;
--------------------------------------------------------
--  Constraints for Table FEE
--------------------------------------------------------

  ALTER TABLE "HOTELADMIN"."FEE" MODIFY ("FEEID" NOT NULL ENABLE);
  ALTER TABLE "HOTELADMIN"."FEE" ADD CONSTRAINT "FEE_PK" PRIMARY KEY ("FEEID")
  USING INDEX PCTFREE 10 INITRANS 2 MAXTRANS 255 COMPUTE STATISTICS 
  STORAGE(INITIAL 65536 NEXT 1048576 MINEXTENTS 1 MAXEXTENTS 2147483645
  PCTINCREASE 0 FREELISTS 1 FREELIST GROUPS 1
  BUFFER_POOL DEFAULT FLASH_CACHE DEFAULT CELL_FLASH_CACHE DEFAULT)
  TABLESPACE "USERS"  ENABLE;
--------------------------------------------------------
--  Constraints for Table ROOM
--------------------------------------------------------

  ALTER TABLE "HOTELADMIN"."ROOM" MODIFY ("ROOMNUMBER" NOT NULL ENABLE);
  ALTER TABLE "HOTELADMIN"."ROOM" MODIFY ("FLOOR" NOT NULL ENABLE);
  ALTER TABLE "HOTELADMIN"."ROOM" MODIFY ("ROOMTYPE" NOT NULL ENABLE);
  ALTER TABLE "HOTELADMIN"."ROOM" MODIFY ("PRICE" NOT NULL ENABLE);
  ALTER TABLE "HOTELADMIN"."ROOM" MODIFY ("AVAILABLE" NOT NULL ENABLE);
  ALTER TABLE "HOTELADMIN"."ROOM" ADD PRIMARY KEY ("ROOMNUMBER")
  USING INDEX PCTFREE 10 INITRANS 2 MAXTRANS 255 COMPUTE STATISTICS 
  STORAGE(INITIAL 65536 NEXT 1048576 MINEXTENTS 1 MAXEXTENTS 2147483645
  PCTINCREASE 0 FREELISTS 1 FREELIST GROUPS 1
  BUFFER_POOL DEFAULT FLASH_CACHE DEFAULT CELL_FLASH_CACHE DEFAULT)
  TABLESPACE "USERS"  ENABLE;
--------------------------------------------------------
--  Constraints for Table TRANSACTION
--------------------------------------------------------

  ALTER TABLE "HOTELADMIN"."TRANSACTION" MODIFY ("TRANSACTIONID" NOT NULL ENABLE);
  ALTER TABLE "HOTELADMIN"."TRANSACTION" ADD CONSTRAINT "TRANSACTION_PK" PRIMARY KEY ("TRANSACTIONID")
  USING INDEX PCTFREE 10 INITRANS 2 MAXTRANS 255 COMPUTE STATISTICS 
  STORAGE(INITIAL 65536 NEXT 1048576 MINEXTENTS 1 MAXEXTENTS 2147483645
  PCTINCREASE 0 FREELISTS 1 FREELIST GROUPS 1
  BUFFER_POOL DEFAULT FLASH_CACHE DEFAULT CELL_FLASH_CACHE DEFAULT)
  TABLESPACE "USERS"  ENABLE;
--------------------------------------------------------
--  Constraints for Table USERACCOUNT
--------------------------------------------------------

  ALTER TABLE "HOTELADMIN"."USERACCOUNT" MODIFY ("SSNUMBER" NOT NULL ENABLE);
  ALTER TABLE "HOTELADMIN"."USERACCOUNT" ADD PRIMARY KEY ("SSNUMBER")
  USING INDEX PCTFREE 10 INITRANS 2 MAXTRANS 255 COMPUTE STATISTICS 
  TABLESPACE "USERS"  ENABLE;
--------------------------------------------------------
--  Ref Constraints for Table USERACCOUNT
--------------------------------------------------------

  ALTER TABLE "HOTELADMIN"."USERACCOUNT" ADD CONSTRAINT "FK_EMP_USERACC" FOREIGN KEY ("SSNUMBER")
	  REFERENCES "HOTELADMIN"."EMPLOYEE" ("SSNUMBER") ENABLE;
